{"0": {"max_speed": 49.967895136115146, "max_acceleration": 49.967895136115146, "distance_run": 2787.134597389048, "nb_passe": 33, "pourcentage_passe_reussis": 1.0, "nb_ballon_touche": 38}, "2": {"max_speed": 0.6443506331959267, "max_acceleration": 0.5637913749818623, "distance_run": 3850.2492090658634, "nb_passe": 17, "pourcentage_passe_reussis": 1.0, "nb_ballon_touche": 24}, "4": {"max_speed": 49.847478857078926, "max_acceleration": 49.847478857078926, "distance_run": 4534.182736664702, "nb_passe": 10, "pourcentage_passe_reussis": 0.9, "nb_ballon_touche": 21}, "6": {"max_speed": 0.9375420611113979, "max_acceleration": 0.8482820153518292, "distance_run": 4463.3060359166775, "nb_passe": 5, "pourcentage_passe_reussis": 1.0, "nb_ballon_touche": 10}, "8": {"max_speed": 0.8205286980622682, "max_acceleration": 0.749432350856991, "distance_run": 3900.5062731021194, "nb_passe": 6, "pourcentage_passe_reussis": 1.0, "nb_ballon_touche": 12}, "10": {"max_speed": 1.3933104243383805, "max_acceleration": 1.2847869713109357, "distance_run": 4353.9718244279, "nb_passe": 6, "pourcentage_passe_reussis": 0.6666666666666666, "nb_ballon_touche": 11}, "12": {"max_speed": 0.7916166859086573, "max_acceleration": 0.7916166859086573, "distance_run": 4429.850201001994, "nb_passe": 18, "pourcentage_passe_reussis": 1.0, "nb_ballon_touche": 23}, "14": {"max_speed": 0.6960392000634722, "max_acceleration": 0.6168968633150534, "distance_run": 3669.085250571848, "nb_passe": 16, "pourcentage_passe_reussis": 0.9375, "nb_ballon_touche": 29}, "16": {"max_speed": 0.8193314607043947, "max_acceleration": 0.7154795284336191, "distance_run": 4403.425082414396, "nb_passe": 12, "pourcentage_passe_reussis": 1.0, "nb_ballon_touche": 22}, "18": {"max_speed": 0.7632324121681423, "max_acceleration": 0.6329433266697827, "distance_run": 3670.3643520470187, "nb_passe": 27, "pourcentage_passe_reussis": 1.0, "nb_ballon_touche": 30}, "20": {"max_speed": 95.72431707103289, "max_acceleration": 95.64480530211783, "distance_run": 4715.560566097435, "nb_passe": 17, "pourcentage_passe_reussis": 0.8235294117647058, "nb_ballon_touche": 32}, "1": {"max_speed": 25.615611082643646, "max_acceleration": 25.615611082643646, "distance_run": 5143.619810132903, "nb_passe": 21, "pourcentage_passe_reussis": 0.9047619047619048, "nb_ballon_touche": 28}, "3": {"max_speed": 108.54094810790602, "max_acceleration": 108.54094810790602, "distance_run": 4583.134328565197, "nb_passe": 23, "pourcentage_passe_reussis": 0.9565217391304348, "nb_ballon_touche": 28}, "5": {"max_speed": 44.316757727600624, "max_acceleration": 44.316757727600624, "distance_run": 2209.96983645063, "nb_passe": 25, "pourcentage_passe_reussis": 0.8, "nb_ballon_touche": 32}, "7": {"max_speed": 9.93397577662645, "max_acceleration": 9.93397577662645, "distance_run": 4048.4488833436303, "nb_passe": 18, "pourcentage_passe_reussis": 0.8333333333333334, "nb_ballon_touche": 26}, "9": {"max_speed": 19.214579103136167, "max_acceleration": 19.214579103136167, "distance_run": 4284.264482994529, "nb_passe": 21, "pourcentage_passe_reussis": 0.9523809523809523, "nb_ballon_touche": 26}, "11": {"max_speed": 48.213133097349356, "max_acceleration": 48.213133097349356, "distance_run": 4559.2817566783515, "nb_passe": 13, "pourcentage_passe_reussis": 0.8461538461538461, "nb_ballon_touche": 15}, "13": {"max_speed": 90.03794164689005, "max_acceleration": 90.03794164689005, "distance_run": 4367.245019500443, "nb_passe": 16, "pourcentage_passe_reussis": 1.0, "nb_ballon_touche": 23}, "15": {"max_speed": 24.088871121163404, "max_acceleration": 24.052688029407722, "distance_run": 4491.189248176029, "nb_passe": 10, "pourcentage_passe_reussis": 0.9, "nb_ballon_touche": 19}, "17": {"max_speed": 24.626252128772858, "max_acceleration": 24.626252128772858, "distance_run": 4270.330249919061, "nb_passe": 4, "pourcentage_passe_reussis": 0.75, "nb_ballon_touche": 7}, "19": {"max_speed": 17.039300890326018, "max_acceleration": 17.039300890326018, "distance_run": 4667.346786366297, "nb_passe": 11, "pourcentage_passe_reussis": 1.0, "nb_ballon_touche": 21}, "21": {"max_speed": 74.40036299601704, "max_acceleration": 74.40036299601704, "distance_run": 4094.1558453639777, "nb_passe": 26, "pourcentage_passe_reussis": 0.9615384615384616, "nb_ballon_touche": 34}}