{"team0": {"total_passe": 167, "pourcentage_passe_reussis": 95.80838323353294, "possession": 49.48262776965366}, "team1": {"total_passe": 188, "pourcentage_passe_reussis": 90.95744680851064, "possession": 50.51737223034634}}