{"team0": {"total_passe": 237, "pourcentage_passe_reussis": 70.88607594936708, "possession": 48.96988319789719}, "team1": {"total_passe": 244, "pourcentage_passe_reussis": 68.85245901639344, "possession": 51.03011680210281}}